neighbourhood,area_km2,stop_count,stops_per_km2
Cloutier Drive,0.8205531217935154,0,0.0
Assiniboia Downs,3.910789974749929,0,0.0
Kil-Cona Park,2.8648757115506123,0,0.0
Perrault,1.9611521760185204,0,0.0
Saskatchewan North,13.738621138274274,0,0.0
St. Vital Perimeter South,36.81561635928798,0,0.0
Armstrong Point,0.26578120304624686,0,0.0
Turnbull Drive,1.0963287625996265,0,0.0
Trappistes,6.4177523265744325,0,0.0
Wilkes South,23.36610140092678,0,0.0
